{
  "project_info": {
    "project_number": "526342651182",
    "project_id": "foodapp-947de",
    "storage_bucket": "foodapp-947de.appspot.com"
  },
  "client": [
    {
      "client_info": {
        "mobilesdk_app_id": "1:526342651182:android:bd961b24a98e31a96e8ebf",
        "android_client_info": {
          "package_name": "com.brics.app"
        }
      },
      "oauth_client": [
        {
          "client_id": "526342651182-94ucbfcvmuacurovpbku3n6nnaig3o5j.apps.googleusercontent.com",
          "client_type": 3
        }
      ],
      "api_key": [
        {
          "current_key": "AIzaSyCR_N9lBjzFMwtRDbhdtvYjNLYZVMS6zuM"
        }
      ],
      "services": {
        "appinvite_service": {
          "other_platform_oauth_client": [
            {
              "client_id": "526342651182-94ucbfcvmuacurovpbku3n6nnaig3o5j.apps.googleusercontent.com",
              "client_type": 3
            }
          ]
        }
      }
    }
  ],
  "configuration_version": "1"
}